id;name;description;start_date
1;contextually-based Alaska Fresh;Table Micronesia;2021-08-19T00:58:24
2;Soft functionalities;Account Total;2021-08-18T05:04:23
3;technologies Soft Senior;Assistant Bike;2021-08-18T14:17:45
4;world-class gold;Berkshire Tools portals;2021-08-18T18:25:54
5;Licensed Beauty ROI;Prairie;2021-08-19T00:03:56
6;copying Central payment;Keyboard Optional Carolina;2021-08-18T05:46:53
7;Direct Radial;magenta;2021-08-18T12:27:26
8;firewall ADP International;Up-sized Jewelery application;2021-08-18T15:30:52
9;Account Concrete program;input;2021-08-18T08:13:09
10;Small;invoice digital parsing;2021-08-18T03:06:04
